id;id_demande;fgcle;nom_data_loader;version_data_loader;nom_modele;id_modele;version_modele;impression;archivage;interactive;stockage;host_col;imp_centr;inst_col;imp_h_centr;lot_cont;dest;tri_regroupt_bann;regles;conditionnement;periodicite;flag_mail;description;version_mo;queues_eai_in;queues_eai_out;libre_2;libre_4
1;compress;95432;50272;turn-key encryption;30602;1978;revolutionize didactic;Decentralized transmitting redundant;backing up bandwidth Concrete;virtual Mouse workforce;mint green;Practical;Gorgeous Cambridgeshire;Phased deliver teal;end-to-end Japan;Sports Infrastructure;Movies;Bedfordshire;10110;Ergonomic;SQL Incredible AI;alliance Paradigm Bedfordshire;Serbia Multi-tiered metrics;88686;Georgia;Intelligent Metal Computer;36879;73292
2;bypassing;28330;26098;THX;20201;18377;bandwidth bleeding-edge Netherlands;Ergonomic;Fresh Practical Philippines;Rubber;Borders Handcrafted;Lempira Sleek Industrial;Forward withdrawal;plug-and-play;deposit North Dakota Bond Markets Units European Composite Unit (EURCO);Director Home Loan Account;multi-byte uniform;Assistant;36556;reintermediate Light generating;Regional Personal Loan Account Incredible;Intelligent Soft Towels;implementation Adaptive;18847;Heard Island and McDonald Islands primary SQL;solid state;63653;40400
3;ability secured line Utah;4751;38192;THX Wisconsin;57094;23763;Manager;Hat Gorgeous neural;Radial;interface Maryland cutting-edge;extensible grow integrated;Handmade 4th generation Plastic;Forges Sleek Manager;Tuna Cambridgeshire mobile;Generic Rubber Computer;hacking bypassing recontextualize;quantifying cross-platform overriding;Cheese e-business;2567;auxiliary;target Cambridgeshire;Berkshire;card;28357;Wisconsin Rubber;Tactics Industrial;47326;68433
4;Small PNG implement;71462;12179;ivory Somali Shilling protocol;42106;30802;New Mexico;Licensed Granite Fish Concrete Monitored;e-services Sleek Cambridgeshire;Architect red;South Carolina Sports TCP;Saint Barthelemy Global;Incredible Plastic Computer systematic;iterate payment;Investor;Bedfordshire;knowledge user Monitored;e-business Cambridgeshire B2C;11907;Moroccan Dirham deposit SAS;extend index;withdrawal encryption;New Israeli Sheqel;18000;Soft Rustic Rubber Fish Public-key;tangible parse Hat;95264;85323
5;Armenian Dram;76301;91675;mobile seamless Gorgeous Steel Sausages;42338;11583;Chief human-resource Soft;RAM Integrated;connect Metrics;primary program;circuit optimizing;Applications Chile;transmit Kentucky;North Carolina card;Factors;superstructure;Rustic Rubber Hat Intranet;Movies calculate Designer;754;Jewelery value-added wireless;Buckinghamshire Gloves;platforms Cambridgeshire Manager;approach International Singapore Dollar;77878;Borders Savings Account;Future;88749;68092
6;Bedfordshire;36296;53119;Specialist;96429;92013;analyzing;Ohio Cambridgeshire disintermediate;methodologies;migration;Small Steel Chips Investment Account;Kentucky Borders ubiquitous;Berkshire optical bleeding-edge;Cheese bypassing;Liaison Fantastic;Tasty Buckinghamshire;analyzing silver systems;Table fresh-thinking Checking Account;17558;Handmade Frozen Chips withdrawal scalable;Mills Auto Loan Account Plastic;Functionality Virginia;Director index Fish;3728;deposit;communities;36490;80764
7;cross-platform strategize Checking Account;93499;31997;Avon New Taiwan Dollar redundant;84559;9916;magenta;Indiana web-readiness;1080p Lebanon;Grocery JBOD Spring;solution;Specialist copying;auxiliary sticky;HDD;bluetooth;Illinois relationships;channels;deposit;71552;Sharable;New Zealand Dollar Incredible Soft Fish systems;Netherlands Antillian Guilder;Democratic People's Republic of Korea transform Massachusetts;22188;e-commerce;zero defect;69705;76484
8;infrastructures;19093;52716;Chicken AGP;28543;23506;Steel;South Carolina Refined Concrete Bike discrete;Ports;bypass;Bedfordshire Tugrik;Licensed;Clothing;gold;American Samoa bricks-and-clicks;Principal silver Awesome Wooden Sausages;feed;Australian Dollar syndicate;49691;Technician transition bleeding-edge;Avon;Implemented mission-critical;Cambridgeshire Handcrafted;90376;Ameliorated;redundant;59420;23541
9;Fresh Rubber;99438;43767;invoice context-sensitive Stravenue;1340;34291;Soft parse back up;Lake Specialist Anguilla;Wyoming;Computers Nigeria Buckinghamshire;Plastic efficient Underpass;e-commerce;virtual radical Vermont;Auto Loan Account purple Money Market Account;transmitter Cross-group payment;Belarussian Ruble bypassing;product;Pants Games Heights;43116;primary;Metrics;Paradigm clear-thinking;payment;61564;Savings Account teal;Dynamic;30742;95989
10;Granite moderator Bedfordshire;74655;6802;navigating;65235;93645;Movies;Home Handmade Concrete;Synchronised New Mexico Handmade;Anguilla;Ford;innovative interfaces;synergistic circuit;Wooden;Generic Bypass;Money Market Account THX;lavender connecting neural;optical Greens deposit;40681;Auto Loan Account Borders Rubber;Credit Card Account Personal Loan Account;client-server;Human Program;94043;lime Focused;Investor;17639;92627
